# id	rankUpTo	level	topic (English)	title (Italian)
it-mini-0100	100	A1	Home and family	In casa e in famiglia
it-mini-0200	200	A1	Everyday life	La vita di ogni giorno
it-mini-0300	300	A1	Food and shopping	Mangiare e fare la spesa
it-mini-0400	400	A2	In the city	In città
it-mini-0500	500	A2	School and work	La scuola e il lavoro
it-mini-0600	600	A2	Free time and hobbies	Il tempo libero e gli hobby
it-mini-0700	700	A2	Health and the body	La salute e il corpo
it-mini-0800	800	A2	Travel and holidays	Viaggi e vacanze
it-mini-0900	900	A2	Nature and the seasons	La natura e le stagioni
it-mini-1000	1000	A2	Celebrations and friends	Feste e amici
it-mini-1100	1100	B1	Living and housing	Cercare casa
it-mini-1200	1200	B1	Memories	Ricordi
it-mini-1300	1300	B1	Jobs and training	Mestieri e formazione
it-mini-1400	1400	B1	Getting around	Muoversi in città
it-mini-1500	1500	B1	Money and shopping	I soldi e gli acquisti
it-mini-1600	1600	B1	Experiencing culture	Uscite culturali
it-mini-1700	1700	B1	Sport and exercise	Lo sport
it-mini-1800	1800	B1	The environment in daily life	L'ambiente nella vita di ogni giorno
it-mini-1900	1900	B1	Letters, messages and media	Lettere, messaggi e media
it-mini-2000	2000	B1	Neighbourhood	Il quartiere
it-mini-2100	2100	B2	Cooking and food	La cucina e il gusto
it-mini-2200	2200	B2	Body and mind	Il corpo e la mente
it-mini-2300	2300	B2	The world of work	Il mondo del lavoro
it-mini-2400	2400	B2	Science and technology	Scienza e tecnica
it-mini-2500	2500	B2	History you can touch	La storia a portata di mano
it-mini-2600	2600	B2	Travelling in the Italian-speaking world	Viaggi nel mondo italiano
it-mini-2700	2700	B2	Generations	Le generazioni
it-mini-2800	2800	B2	Music	La musica
it-mini-2900	2900	B2	Society and living together	Vivere insieme
it-mini-3000	3000	B2	Small columns	Piccole rubriche
it-mini-3100	3100	B2	Home and decoration	La casa e l'arredamento
it-mini-3200	3200	B2	Fashion and clothes	La moda e i vestiti
it-mini-3300	3300	B2	The great outdoors	All'aria aperta
it-mini-3400	3400	B2	Traditional crafts	I mestieri di una volta
it-mini-3500	3500	B2	Technology and society	Tecnologia e società
it-mini-3600	3600	B2	The sea and the coast	Il mare e la costa
it-mini-3700	3700	B2	Books and language	I libri e la lingua
it-mini-3800	3800	B2	Everyday economics	L'economia di ogni giorno
it-mini-3900	3900	B2	Country life	La vita in campagna
it-mini-4000	4000	B2	City life columns	Rubriche di città
it-mini-4100	4100	C1	Body and mind in daily life	Il corpo e la mente nella vita quotidiana
it-mini-4200	4200	C1	Architecture and heritage	Architettura e patrimonio
it-mini-4300	4300	C1	Climate and energy	Clima ed energia
it-mini-4400	4400	C1	Everyday law and rights	Il diritto nella vita quotidiana
it-mini-4500	4500	C1	Film and television	Cinema e televisione
it-mini-4600	4600	C1	Research and discovery	Ricerca e scoperte
it-mini-4700	4700	C1	Living between countries	Vivere tra due paesi
it-mini-4800	4800	C1	The mind in daily life	La psicologia di ogni giorno
it-mini-4900	4900	C1	Sport and society	Sport e società
it-mini-5000	5000	C1	Short essays	Saggi brevi
it-mini-5100	5100	C1	History	Pagine di storia
it-mini-5200	5200	C1	The science of cooking	La scienza in cucina
it-mini-5300	5300	C1	Landscapes	Paesaggi
it-mini-5400	5400	C1	Caring for others	Prendersi cura degli altri
it-mini-5500	5500	C1	Visual arts	Le arti figurative
it-mini-5600	5600	C1	Journalism and media	Giornalismo e media
it-mini-5700	5700	C1	Transport and mobility	Trasporti e mobilità
it-mini-5800	5800	C1	The Italian language	La lingua italiana
it-mini-5900	5900	C1	Starting a business	Mettere su un'impresa
it-mini-6000	6000	C1	Memoirs	Memorie
it-mini-6100	6100	C1	The universe and the stars	L'universo e le stelle
it-mini-6200	6200	C1	Mining and natural resources	Miniere e risorse naturali
it-mini-6300	6300	C1	Food and health	Alimentazione e salute
it-mini-6400	6400	C1	Theatre, circus and stage	Teatro, circo e palcoscenico
it-mini-6500	6500	C1	Engineering	L'arte dell'ingegneria
it-mini-6600	6600	C1	Farm to table	Dal campo alla tavola
it-mini-6700	6700	C1	Languages and cultures of the Italian-speaking world	Lingue e culture del mondo italiano
it-mini-6800	6800	C1	Literature in Italian	Letteratura in italiano
it-mini-6900	6900	C1	Numbers and reasoning	I numeri e il ragionamento
it-mini-7000	7000	C1	Travel columns	Cronache di viaggio
it-mini-7100	7100	C1	Public health	Sanità pubblica
it-mini-7200	7200	C1	Everyday philosophy	La filosofia di ogni giorno
it-mini-7300	7300	C1	Festivals and faith	Feste e credenze
it-mini-7400	7400	C1	Animal behaviour	Il comportamento degli animali
it-mini-7500	7500	C1	Work and the labour market	Lavoro e occupazione
it-mini-7600	7600	C1	Cities of the world	Città del mondo
it-mini-7700	7700	C1	Inventions and inventors	Invenzioni e inventori
it-mini-7800	7800	C1	State and citizens	Lo Stato e i cittadini
it-mini-7900	7900	C1	Mountains and winter sport	La montagna e gli sport invernali
it-mini-8000	8000	C1	Family columns	Rubriche di famiglia
it-mini-8100	8100	C2	The human body	Il corpo umano
it-mini-8200	8200	C2	Prevention and resilience	Prevenzione e resilienza
it-mini-8300	8300	C2	Design and craft	Design e artigianato
it-mini-8400	8400	C2	Emotions and relationships	Emozioni e relazioni
it-mini-8500	8500	C2	World history	Pagine di storia del mondo
it-mini-8600	8600	C2	The forest	Il bosco
it-mini-8700	8700	C2	Advertising and communication	Pubblicità e comunicazione
it-mini-8800	8800	C2	Food culture in the Italian-speaking world	La cultura del cibo in Italia
it-mini-8900	8900	C2	Classical music	La musica classica
it-mini-9000	9000	C2	Essays on time	Saggi sul tempo
it-mini-9100	9100	C2	Chemistry and materials	Chimica e materiali
it-mini-9200	9200	C2	Maps and finding the way	Mappe e orientamento
it-mini-9300	9300	C2	Tales and legends	Fiabe e leggende
it-mini-9400	9400	C2	Rare professions	Mestieri poco comuni
it-mini-9500	9500	C2	Urban planning	L'urbanistica
it-mini-9600	9600	C2	Everyday physics	La fisica di ogni giorno
it-mini-9700	9700	C2	Gardens and botany	Giardini e botanica
it-mini-9800	9800	C2	Folk art and customs	Arte e tradizioni popolari
it-mini-9900	9900	C2	Ethics and living together	L'etica e la vita in comune
it-mini-10000	10000	C2	Learning and language	Ultimi saggi: imparare e parlare
