# id	rankUpTo	level	topic (English)	title (French)
fr-mini-0100	100	A1	Home and family	À la maison et en famille
fr-mini-0200	200	A1	Everyday life	La vie de tous les jours
fr-mini-0300	300	A1	Food and shopping	Manger et faire les courses
fr-mini-0400	400	A2	In the city	En ville
fr-mini-0500	500	A2	School and work	L'école et le travail
fr-mini-0600	600	A2	Free time and hobbies	Le temps libre et les loisirs
fr-mini-0700	700	A2	Health and the body	La santé et le corps
fr-mini-0800	800	A2	Travel and holidays	Voyages et vacances
fr-mini-0900	900	A2	Nature and the seasons	La nature et les saisons
fr-mini-1000	1000	A2	Celebrations and friends	Fêtes et amis
fr-mini-1100	1100	B1	Living and housing	Se loger
fr-mini-1200	1200	B1	Memories	Souvenirs
fr-mini-1300	1300	B1	Jobs and training	Métiers et formation
fr-mini-1400	1400	B1	Getting around	Se déplacer
fr-mini-1500	1500	B1	Money and shopping	L'argent et les achats
fr-mini-1600	1600	B1	Experiencing culture	Sorties culturelles
fr-mini-1700	1700	B1	Sport and exercise	Le sport
fr-mini-1800	1800	B1	The environment in daily life	L'environnement au quotidien
fr-mini-1900	1900	B1	Letters, messages and media	Lettres, messages et médias
fr-mini-2000	2000	B1	Neighbourhood	Le quartier
fr-mini-2100	2100	B2	Cooking and food	La cuisine et le goût
fr-mini-2200	2200	B2	Body and mind	Le corps et l'esprit
fr-mini-2300	2300	B2	The world of work	Le monde du travail
fr-mini-2400	2400	B2	Science and technology	Sciences et techniques
fr-mini-2500	2500	B2	History you can touch	L'histoire à portée de main
fr-mini-2600	2600	B2	Travelling in the French-speaking world	Voyages dans la francophonie
fr-mini-2700	2700	B2	Generations	Les générations
fr-mini-2800	2800	B2	Music	La musique
fr-mini-2900	2900	B2	Society and living together	Vivre ensemble
fr-mini-3000	3000	B2	Small columns	Petites chroniques
fr-mini-3100	3100	B2	Home and decoration	La maison et la décoration
fr-mini-3200	3200	B2	Fashion and clothes	La mode et les vêtements
fr-mini-3300	3300	B2	The great outdoors	Au grand air
fr-mini-3400	3400	B2	Traditional crafts	Les métiers d'autrefois
fr-mini-3500	3500	B2	Technology and society	Technologie et société
fr-mini-3600	3600	B2	The sea and the coast	La mer et le littoral
fr-mini-3700	3700	B2	Books and language	Les livres et la langue
fr-mini-3800	3800	B2	Everyday economics	L'économie au quotidien
fr-mini-3900	3900	B2	Country life	La vie à la campagne
fr-mini-4000	4000	B2	City life columns	Chroniques de la ville
fr-mini-4100	4100	C1	Body and mind	Le corps et l'esprit au quotidien
fr-mini-4200	4200	C1	Architecture and heritage	Architecture et patrimoine
fr-mini-4300	4300	C1	Climate and energy	Climat et énergie
fr-mini-4400	4400	C1	Everyday law and rights	Le droit au quotidien
fr-mini-4500	4500	C1	Film and television	Cinéma et télévision
fr-mini-4600	4600	C1	Research and discovery	Recherche et découvertes
fr-mini-4700	4700	C1	Living between countries	Vivre entre deux pays
fr-mini-4800	4800	C1	The mind in daily life	La psychologie au quotidien
fr-mini-4900	4900	C1	Sport and society	Sport et société
fr-mini-5000	5000	C1	Short essays	Courts essais
fr-mini-5100	5100	C1	History	Scènes d'histoire
fr-mini-5200	5200	C1	The science of cooking	La science en cuisine
fr-mini-5300	5300	C1	Landscapes	Paysages
fr-mini-5400	5400	C1	Caring for others	Prendre soin des autres
fr-mini-5500	5500	C1	Visual arts	Les arts plastiques
fr-mini-5600	5600	C1	Journalism and media	Journalisme et médias
fr-mini-5700	5700	C1	Transport and mobility	Transports et mobilité
fr-mini-5800	5800	C1	The French language	La langue française
fr-mini-5900	5900	C1	Starting a business	Créer une entreprise
fr-mini-6000	6000	C1	Memoirs	Mémoires
fr-mini-6100	6100	C1	The universe and the stars	L'univers et les étoiles
fr-mini-6200	6200	C1	Mining and natural resources	Mines et ressources naturelles
fr-mini-6300	6300	C1	Food and health	Alimentation et santé
fr-mini-6400	6400	C1	Theatre, circus and stage	Théâtre, cirque et scène
fr-mini-6500	6500	C1	Engineering	L'art de l'ingénieur
fr-mini-6600	6600	C1	Farm to table	Du champ à l'assiette
fr-mini-6700	6700	C1	Regional languages and cultures	Langues et cultures régionales
fr-mini-6800	6800	C1	Literature in French	Littératures francophones
fr-mini-6900	6900	C1	Numbers and reasoning	Les nombres et le raisonnement
fr-mini-7000	7000	C1	Travel columns	Chroniques de voyage
fr-mini-7100	7100	C1	Public health	Santé publique
fr-mini-7200	7200	C1	Everyday philosophy	La philosophie au quotidien
fr-mini-7300	7300	C1	Festivals and faith	Fêtes et croyances
fr-mini-7400	7400	C1	Animal behaviour	Le comportement animal
fr-mini-7500	7500	C1	Work and the labour market	Le travail et l'emploi
fr-mini-7600	7600	C1	Cities of the world	Villes du monde
fr-mini-7700	7700	C1	Inventions and inventors	Inventions et inventeurs
fr-mini-7800	7800	C1	State and citizens	L'État et les citoyens
fr-mini-7900	7900	C1	Mountains and winter sport	La montagne et les sports d'hiver
fr-mini-8000	8000	C1	Family columns	Chroniques familiales
fr-mini-8100	8100	C2	The human body	Le corps humain
fr-mini-8200	8200	C2	Prevention and resilience	Prévention et résilience
fr-mini-8300	8300	C2	Design and craft	Design et savoir-faire
fr-mini-8400	8400	C2	Emotions and relationships	Émotions et relations
fr-mini-8500	8500	C2	World history	Scènes de l'histoire du monde
fr-mini-8600	8600	C2	The forest	La forêt
fr-mini-8700	8700	C2	Advertising and communication	Publicité et communication
fr-mini-8800	8800	C2	Food culture in the French-speaking world	La gastronomie francophone
fr-mini-8900	8900	C2	Classical music	La musique classique
fr-mini-9000	9000	C2	Essays on time	Essais sur le temps
fr-mini-9100	9100	C2	Chemistry and materials	Chimie et matériaux
fr-mini-9200	9200	C2	Maps and finding the way	Cartes et orientation
fr-mini-9300	9300	C2	Tales and legends	Contes et légendes
fr-mini-9400	9400	C2	Rare professions	Métiers rares
fr-mini-9500	9500	C2	Urban planning	L'urbanisme
fr-mini-9600	9600	C2	Everyday physics	La physique au quotidien
fr-mini-9700	9700	C2	Gardens and botany	Jardins et botanique
fr-mini-9800	9800	C2	Folk art and customs	Arts et traditions populaires
fr-mini-9900	9900	C2	Ethics and living together	L'éthique et la vie commune
fr-mini-10000	10000	C2	Learning and language	Derniers essais : apprendre et parler
