# id	rankUpTo	level	topic (English)	title (Russian)
ru-mini-0100	100	A1	Home and family	Дома и в семье
ru-mini-0200	200	A1	Everyday life	Обычный день
ru-mini-0300	300	A1	Food and shopping	Еда и покупки
ru-mini-0400	400	A2	In the city	В городе
ru-mini-0500	500	A2	School and work	Школа и работа
ru-mini-0600	600	A2	Free time and hobbies	Свободное время и увлечения
ru-mini-0700	700	A2	Health and the body	Здоровье и тело
ru-mini-0800	800	A2	Travel and holidays	Путешествия и отпуск
ru-mini-0900	900	A2	Nature and the seasons	Природа и времена года
ru-mini-1000	1000	A2	Celebrations and friends	Праздники и друзья
ru-mini-1100	1100	B1	Living and housing	В поисках жилья
ru-mini-1200	1200	B1	Memories	Воспоминания
ru-mini-1300	1300	B1	Jobs and training	Профессии и учёба
ru-mini-1400	1400	B1	Getting around	Как добраться
ru-mini-1500	1500	B1	Money and shopping	Деньги и покупки
ru-mini-1600	1600	B1	Experiencing culture	Культурные выходные
ru-mini-1700	1700	B1	Sport and exercise	Спорт
ru-mini-1800	1800	B1	The environment in daily life	Окружающая среда в повседневной жизни
ru-mini-1900	1900	B1	Letters, messages and media	Письма, сообщения и СМИ
ru-mini-2000	2000	B1	Neighbourhood	Наш район
ru-mini-2100	2100	B2	Cooking and food	Кухня и вкус
ru-mini-2200	2200	B2	Body and mind	Тело и разум
ru-mini-2300	2300	B2	The world of work	Мир труда
ru-mini-2400	2400	B2	Science and technology	Наука и техника
ru-mini-2500	2500	B2	History you can touch	История рядом с нами
ru-mini-2600	2600	B2	Travelling in the Russian-speaking world	Путешествия по русскоязычному миру
ru-mini-2700	2700	B2	Generations	Поколения
ru-mini-2800	2800	B2	Music	Музыка
ru-mini-2900	2900	B2	Society and living together	Жить вместе
ru-mini-3000	3000	B2	Small columns	Маленькие колонки
ru-mini-3100	3100	B2	Home and decoration	Дом и интерьер
ru-mini-3200	3200	B2	Fashion and clothes	Мода и одежда
ru-mini-3300	3300	B2	The great outdoors	На свежем воздухе
ru-mini-3400	3400	B2	Traditional crafts	Старинные ремёсла
ru-mini-3500	3500	B2	Technology and society	Технологии и общество
ru-mini-3600	3600	B2	The sea and the coast	Море и побережье
ru-mini-3700	3700	B2	Books and language	Книги и язык
ru-mini-3800	3800	B2	Everyday economics	Экономика на каждый день
ru-mini-3900	3900	B2	Country life	Жизнь в деревне
ru-mini-4000	4000	B2	City life columns	Городские колонки
ru-mini-4100	4100	C1	Body and mind in daily life	Тело и разум в повседневной жизни
ru-mini-4200	4200	C1	Architecture and heritage	Архитектура и наследие
ru-mini-4300	4300	C1	Climate and energy	Климат и энергия
ru-mini-4400	4400	C1	Everyday law and rights	Право в повседневной жизни
ru-mini-4500	4500	C1	Film and television	Кино и телевидение
ru-mini-4600	4600	C1	Research and discovery	Исследования и открытия
ru-mini-4700	4700	C1	Living between countries	Жизнь между двумя странами
ru-mini-4800	4800	C1	The mind in daily life	Психология в повседневной жизни
ru-mini-4900	4900	C1	Sport and society	Спорт и общество
ru-mini-5000	5000	C1	Short essays	Короткие эссе
ru-mini-5100	5100	C1	History	Страницы истории
ru-mini-5200	5200	C1	The science of cooking	Наука на кухне
ru-mini-5300	5300	C1	Landscapes	Пейзажи
ru-mini-5400	5400	C1	Caring for others	Забота о других
ru-mini-5500	5500	C1	Visual arts	Изобразительное искусство
ru-mini-5600	5600	C1	Journalism and media	Журналистика и СМИ
ru-mini-5700	5700	C1	Transport and mobility	Транспорт и мобильность
ru-mini-5800	5800	C1	The Russian language	Русский язык
ru-mini-5900	5900	C1	Starting a business	Свой бизнес
ru-mini-6000	6000	C1	Memoirs	Мемуары
ru-mini-6100	6100	C1	The universe and the stars	Вселенная и звёзды
ru-mini-6200	6200	C1	Mining and natural resources	Горное дело и природные ресурсы
ru-mini-6300	6300	C1	Food and health	Питание и здоровье
ru-mini-6400	6400	C1	Theatre, circus and stage	Театр, цирк и сцена
ru-mini-6500	6500	C1	Engineering	Искусство инженера
ru-mini-6600	6600	C1	Farm to table	От поля до стола
ru-mini-6700	6700	C1	Languages and cultures of the Russian-speaking world	Языки и культуры русскоязычного мира
ru-mini-6800	6800	C1	Literature in Russian	Русская литература
ru-mini-6900	6900	C1	Numbers and reasoning	Числа и рассуждения
ru-mini-7000	7000	C1	Travel columns	Путевые заметки
ru-mini-7100	7100	C1	Public health	Общественное здравоохранение
ru-mini-7200	7200	C1	Everyday philosophy	Философия в повседневной жизни
ru-mini-7300	7300	C1	Festivals and faith	Праздники и верования
ru-mini-7400	7400	C1	Animal behaviour	Поведение животных
ru-mini-7500	7500	C1	Work and the labour market	Труд и занятость
ru-mini-7600	7600	C1	Cities of the world	Города мира
ru-mini-7700	7700	C1	Inventions and inventors	Изобретения и изобретатели
ru-mini-7800	7800	C1	State and citizens	Государство и граждане
ru-mini-7900	7900	C1	Mountains and winter sport	Горы и зимний спорт
ru-mini-8000	8000	C1	Family columns	Семейные колонки
ru-mini-8100	8100	C2	The human body	Человеческое тело
ru-mini-8200	8200	C2	Prevention and resilience	Профилактика и стойкость
ru-mini-8300	8300	C2	Design and craft	Дизайн и мастерство
ru-mini-8400	8400	C2	Emotions and relationships	Эмоции и отношения
ru-mini-8500	8500	C2	World history	Страницы мировой истории
ru-mini-8600	8600	C2	The forest	Лес
ru-mini-8700	8700	C2	Advertising and communication	Реклама и коммуникация
ru-mini-8800	8800	C2	Food culture in the Russian-speaking world	Кулинарные традиции русскоязычного мира
ru-mini-8900	8900	C2	Classical music	Классическая музыка
ru-mini-9000	9000	C2	Essays on time	Эссе о времени
ru-mini-9100	9100	C2	Chemistry and materials	Химия и материалы
ru-mini-9200	9200	C2	Maps and finding the way	Карты и ориентирование
ru-mini-9300	9300	C2	Tales and legends	Сказки и легенды
ru-mini-9400	9400	C2	Rare professions	Редкие профессии
ru-mini-9500	9500	C2	Urban planning	Градостроительство
ru-mini-9600	9600	C2	Everyday physics	Физика в повседневной жизни
ru-mini-9700	9700	C2	Gardens and botany	Сады и ботаника
ru-mini-9800	9800	C2	Folk art and customs	Народное искусство и обычаи
ru-mini-9900	9900	C2	Ethics and living together	Этика и совместная жизнь
ru-mini-10000	10000	C2	Learning and language	Последние эссе: учиться и говорить
