# Common forms the German frequency list misses (its ss/ß folding lost them); check_course.py
# counts them as forms of the word. headword<TAB>forms
heißen	heiße heißest
essen	aß aßen äße
sitzen	saß saßen
Gruß	grüße grüßt grüßte grüßten gegrüßt
genießen	genießt genieße genießen genoss genossen
reißen	riss reißt gerissen
beißen	biss beißt
stoßen	stößt stieß stießen gestoßen
schießen	schießt schoss
süßen	süße süßer süßes süßem
weiß	weißes weißem
Freund	freundinnen
lehren	lehrerin lehrerinnen
stehlen	gestohlene gestohlenen gestohlenes
Schließe	schließt
Fuß	füßen
begrüßen	begrüßt begrüßte begrüßten begrüße begrüßend
äußern	äußert äußerte äußerten geäußert
zocken	zockte zockten
ausmessen	auszumessen
intern	interne
Fließ	fließt
jammern	jammerten
regelmäßig	regelmäßige regelmäßigen regelmäßiger regelmäßiges
erachten	erachtet
Großvater	großvaters
antik	antike
nationalistisch	nationalistischem
