# id	rankUpTo	level	topic (English)	title (Spanish)
es-mini-0100	100	A1	Home and family	En casa y en familia
es-mini-0200	200	A1	Everyday life	La vida de todos los días
es-mini-0300	300	A1	Food and shopping	Comer y hacer la compra
es-mini-0400	400	A2	In the city	En la ciudad
es-mini-0500	500	A2	School and work	La escuela y el trabajo
es-mini-0600	600	A2	Free time and hobbies	El tiempo libre y las aficiones
es-mini-0700	700	A2	Health and the body	La salud y el cuerpo
es-mini-0800	800	A2	Travel and holidays	Viajes y vacaciones
es-mini-0900	900	A2	Nature and the seasons	La naturaleza y las estaciones
es-mini-1000	1000	A2	Celebrations and friends	Fiestas y amigos
es-mini-1100	1100	B1	Living and housing	Buscar casa
es-mini-1200	1200	B1	Memories	Recuerdos
es-mini-1300	1300	B1	Jobs and training	Oficios y formación
es-mini-1400	1400	B1	Getting around	Moverse por la ciudad
es-mini-1500	1500	B1	Money and shopping	El dinero y las compras
es-mini-1600	1600	B1	Experiencing culture	Salidas culturales
es-mini-1700	1700	B1	Sport and exercise	El deporte
es-mini-1800	1800	B1	The environment in daily life	El medio ambiente en el día a día
es-mini-1900	1900	B1	Letters, messages and media	Cartas, mensajes y medios
es-mini-2000	2000	B1	Neighbourhood	El barrio
es-mini-2100	2100	B2	Cooking and food	La cocina y el sabor
es-mini-2200	2200	B2	Body and mind	El cuerpo y la mente
es-mini-2300	2300	B2	The world of work	El mundo del trabajo
es-mini-2400	2400	B2	Science and technology	Ciencia y técnica
es-mini-2500	2500	B2	History you can touch	La historia al alcance de la mano
es-mini-2600	2600	B2	Travelling in the Spanish-speaking world	Viajes por el mundo hispano
es-mini-2700	2700	B2	Generations	Las generaciones
es-mini-2800	2800	B2	Music	La música
es-mini-2900	2900	B2	Society and living together	Vivir juntos
es-mini-3000	3000	B2	Small columns	Pequeñas columnas
es-mini-3100	3100	B2	Home and decoration	La casa y la decoración
es-mini-3200	3200	B2	Fashion and clothes	La moda y la ropa
es-mini-3300	3300	B2	The great outdoors	Al aire libre
es-mini-3400	3400	B2	Traditional crafts	Los oficios de antes
es-mini-3500	3500	B2	Technology and society	Tecnología y sociedad
es-mini-3600	3600	B2	The sea and the coast	El mar y la costa
es-mini-3700	3700	B2	Books and language	Los libros y la lengua
es-mini-3800	3800	B2	Everyday economics	La economía de cada día
es-mini-3900	3900	B2	Country life	La vida en el campo
es-mini-4000	4000	B2	City life columns	Columnas de la ciudad
es-mini-4100	4100	C1	Body and mind	El cuerpo y la mente en el día a día
es-mini-4200	4200	C1	Architecture and heritage	Arquitectura y patrimonio
es-mini-4300	4300	C1	Climate and energy	Clima y energía
es-mini-4400	4400	C1	Everyday law and rights	El derecho en la vida diaria
es-mini-4500	4500	C1	Film and television	Cine y televisión
es-mini-4600	4600	C1	Research and discovery	Investigación y descubrimientos
es-mini-4700	4700	C1	Living between countries	Vivir entre dos países
es-mini-4800	4800	C1	The mind in daily life	La psicología en el día a día
es-mini-4900	4900	C1	Sport and society	Deporte y sociedad
es-mini-5000	5000	C1	Short essays	Ensayos breves
es-mini-5100	5100	C1	History	Escenas de la historia
es-mini-5200	5200	C1	The science of cooking	La ciencia en la cocina
es-mini-5300	5300	C1	Landscapes	Paisajes
es-mini-5400	5400	C1	Caring for others	Cuidar de los demás
es-mini-5500	5500	C1	Visual arts	Las artes plásticas
es-mini-5600	5600	C1	Journalism and media	Periodismo y medios
es-mini-5700	5700	C1	Transport and mobility	Transporte y movilidad
es-mini-5800	5800	C1	The Spanish language	La lengua española
es-mini-5900	5900	C1	Starting a business	Crear una empresa
es-mini-6000	6000	C1	Memoirs	Memorias
es-mini-6100	6100	C1	The universe and the stars	El universo y las estrellas
es-mini-6200	6200	C1	Mining and natural resources	Minería y recursos naturales
es-mini-6300	6300	C1	Food and health	Alimentación y salud
es-mini-6400	6400	C1	Theatre, circus and stage	Teatro, circo y escena
es-mini-6500	6500	C1	Engineering	El arte de la ingeniería
es-mini-6600	6600	C1	Farm to table	Del campo a la mesa
es-mini-6700	6700	C1	Languages and cultures of the Spanish-speaking world	Lenguas y culturas del mundo hispano
es-mini-6800	6800	C1	Literature in Spanish	Literaturas en español
es-mini-6900	6900	C1	Numbers and reasoning	Los números y el razonamiento
es-mini-7000	7000	C1	Travel columns	Crónicas de viaje
es-mini-7100	7100	C1	Public health	Salud pública
es-mini-7200	7200	C1	Everyday philosophy	La filosofía en el día a día
es-mini-7300	7300	C1	Festivals and faith	Fiestas y creencias
es-mini-7400	7400	C1	Animal behaviour	El comportamiento animal
es-mini-7500	7500	C1	Work and the labour market	El trabajo y el empleo
es-mini-7600	7600	C1	Cities of the world	Ciudades del mundo
es-mini-7700	7700	C1	Inventions and inventors	Inventos e inventores
es-mini-7800	7800	C1	State and citizens	El Estado y los ciudadanos
es-mini-7900	7900	C1	Mountains and winter sport	La montaña y los deportes de invierno
es-mini-8000	8000	C1	Family columns	Columnas familiares
es-mini-8100	8100	C2	The human body	El cuerpo humano
es-mini-8200	8200	C2	Prevention and resilience	Prevención y resiliencia
es-mini-8300	8300	C2	Design and craft	Diseño y oficio
es-mini-8400	8400	C2	Emotions and relationships	Emociones y relaciones
es-mini-8500	8500	C2	World history	Escenas de la historia del mundo
es-mini-8600	8600	C2	The forest	El bosque
es-mini-8700	8700	C2	Advertising and communication	Publicidad y comunicación
es-mini-8800	8800	C2	Food culture in the Spanish-speaking world	La gastronomía hispana
es-mini-8900	8900	C2	Classical music	La música clásica
es-mini-9000	9000	C2	Essays on time	Ensayos sobre el tiempo
es-mini-9100	9100	C2	Chemistry and materials	Química y materiales
es-mini-9200	9200	C2	Maps and finding the way	Mapas y orientación
es-mini-9300	9300	C2	Tales and legends	Cuentos y leyendas
es-mini-9400	9400	C2	Rare professions	Oficios poco comunes
es-mini-9500	9500	C2	Urban planning	El urbanismo
es-mini-9600	9600	C2	Everyday physics	La física en el día a día
es-mini-9700	9700	C2	Gardens and botany	Jardines y botánica
es-mini-9800	9800	C2	Folk art and customs	Arte y tradiciones populares
es-mini-9900	9900	C2	Ethics and living together	La ética y la vida en común
es-mini-10000	10000	C2	Learning and language	Últimos ensayos: aprender y hablar
